Place,Code,Link,URL
argentina,l168992,destinations/argentina-l168992/,https://www.getyourguide.com/destinations/argentina-l168992/
bolivia,l169072,destinations/bolivia-l169072/,https://www.getyourguide.com/destinations/bolivia-l169072/
brazil,l169000,destinations/brazil-l169000/,https://www.getyourguide.com/destinations/brazil-l169000/
chile,l168993,destinations/chile-l168993/,https://www.getyourguide.com/destinations/chile-l168993/
colombia,l168994,destinations/colombia-l168994/,https://www.getyourguide.com/destinations/colombia-l168994/
ecuador,l169092,destinations/ecuador-l169092/,https://www.getyourguide.com/destinations/ecuador-l169092/
falkland islands,l169097,destinations/falkland-islands-l169097/,https://www.getyourguide.com/destinations/falkland-islands-l169097/
french guiana,l169099,destinations/french-guiana-l169099/,https://www.getyourguide.com/destinations/french-guiana-l169099/
guyana,l169112,destinations/guyana-l169112/,https://www.getyourguide.com/destinations/guyana-l169112/
paraguay,l168996,destinations/paraguay-l168996/,https://www.getyourguide.com/destinations/paraguay-l168996/
peru,l168997,destinations/peru-l168997/,https://www.getyourguide.com/destinations/peru-l168997/
suriname,l169177,destinations/suriname-l169177/,https://www.getyourguide.com/destinations/suriname-l169177/
uruguay,l168998,destinations/uruguay-l168998/,https://www.getyourguide.com/destinations/uruguay-l168998/
venezuela,l168999,destinations/venezuela-l168999/,https://www.getyourguide.com/destinations/venezuela-l168999/
afghanistan,l169197,destinations/afghanistan-l169197/,https://www.getyourguide.com/destinations/afghanistan-l169197/
armenia,l169060,destinations/armenia-l169060/,https://www.getyourguide.com/destinations/armenia-l169060/
azerbaijan,l169062,destinations/azerbaijan-l169062/,https://www.getyourguide.com/destinations/azerbaijan-l169062/
bahrain,l169064,destinations/bahrain-l169064/,https://www.getyourguide.com/destinations/bahrain-l169064/
bangladesh,l169065,destinations/bangladesh-l169065/,https://www.getyourguide.com/destinations/bangladesh-l169065/
bhutan,l169071,destinations/bhutan-l169071/,https://www.getyourguide.com/destinations/bhutan-l169071/
british indian ocean territory,l169204,destinations/british-indian-ocean-territory-l169204/,https://www.getyourguide.com/destinations/british-indian-ocean-territory-l169204/
brunei,l169076,destinations/brunei-l169076/,https://www.getyourguide.com/destinations/brunei-l169076/
cambodia,l169079,destinations/cambodia-l169079/,https://www.getyourguide.com/destinations/cambodia-l169079/
china,l169032,destinations/china-l169032/,https://www.getyourguide.com/destinations/china-l169032/
christmas island,l169207,destinations/christmas-island-l169207/,https://www.getyourguide.com/destinations/christmas-island-l169207/
cocos islands,l169208,destinations/cocos-islands-l169208/,https://www.getyourguide.com/destinations/cocos-islands-l169208/
hong kong,l169041,destinations/hong-kong-l169041/,https://www.getyourguide.com/destinations/hong-kong-l169041/
india,l169037,destinations/india-l169037/,https://www.getyourguide.com/destinations/india-l169037/
indonesia,l169044,destinations/indonesia-l169044/,https://www.getyourguide.com/destinations/indonesia-l169044/
iran,l169115,destinations/iran-l169115/,https://www.getyourguide.com/destinations/iran-l169115/
iraq,l169116,destinations/iraq-l169116/,https://www.getyourguide.com/destinations/iraq-l169116/
israel,l169033,destinations/israel-l169033/,https://www.getyourguide.com/destinations/israel-l169033/
japan,l169034,destinations/japan-l169034/,https://www.getyourguide.com/destinations/japan-l169034/
jordan,l169120,destinations/jordan-l169120/,https://www.getyourguide.com/destinations/jordan-l169120/
kazakhstan,l169121,destinations/kazakhstan-l169121/,https://www.getyourguide.com/destinations/kazakhstan-l169121/
kuwait,l169124,destinations/kuwait-l169124/,https://www.getyourguide.com/destinations/kuwait-l169124/
kyrgyz republic,l169125,destinations/kyrgyz-republic-l169125/,https://www.getyourguide.com/destinations/kyrgyz-republic-l169125/
laos,l169126,destinations/laos-l169126/,https://www.getyourguide.com/destinations/laos-l169126/
lebanon,l169127,destinations/lebanon-l169127/,https://www.getyourguide.com/destinations/lebanon-l169127/
macao,l169131,destinations/macao-l169131/,https://www.getyourguide.com/destinations/macao-l169131/
malaysia,l169045,destinations/malaysia-l169045/,https://www.getyourguide.com/destinations/malaysia-l169045/
maldives,l169135,destinations/maldives-l169135/,https://www.getyourguide.com/destinations/maldives-l169135/
mongolia,l169141,destinations/mongolia-l169141/,https://www.getyourguide.com/destinations/mongolia-l169141/
myanmar,l169145,destinations/myanmar-l169145/,https://www.getyourguide.com/destinations/myanmar-l169145/
nepal,l169147,destinations/nepal-l169147/,https://www.getyourguide.com/destinations/nepal-l169147/
north korea,l169123,destinations/north-korea-l169123/,https://www.getyourguide.com/destinations/north-korea-l169123/
oman,l169153,destinations/oman-l169153/,https://www.getyourguide.com/destinations/oman-l169153/
pakistan,l169046,destinations/pakistan-l169046/,https://www.getyourguide.com/destinations/pakistan-l169046/
palestine,l169155,destinations/palestine-l169155/,https://www.getyourguide.com/destinations/palestine-l169155/
philippines,l169047,destinations/philippines-l169047/,https://www.getyourguide.com/destinations/philippines-l169047/
qatar,l169160,destinations/qatar-l169160/,https://www.getyourguide.com/destinations/qatar-l169160/
saudi arabia,l169036,destinations/saudi-arabia-l169036/,https://www.getyourguide.com/destinations/saudi-arabia-l169036/
singapore,l169042,destinations/singapore-l169042/,https://www.getyourguide.com/destinations/singapore-l169042/
south korea,l169035,destinations/south-korea-l169035/,https://www.getyourguide.com/destinations/south-korea-l169035/
sri lanka,l169048,destinations/sri-lanka-l169048/,https://www.getyourguide.com/destinations/sri-lanka-l169048/
syria,l169180,destinations/syria-l169180/,https://www.getyourguide.com/destinations/syria-l169180/
taiwan,l169043,destinations/taiwan-l169043/,https://www.getyourguide.com/destinations/taiwan-l169043/
tajikistan,l169181,destinations/tajikistan-l169181/,https://www.getyourguide.com/destinations/tajikistan-l169181/
thailand,l169040,destinations/thailand-l169040/,https://www.getyourguide.com/destinations/thailand-l169040/
timor leste,l169182,destinations/timor-leste-l169182/,https://www.getyourguide.com/destinations/timor-leste-l169182/
turkmenistan,l169187,destinations/turkmenistan-l169187/,https://www.getyourguide.com/destinations/turkmenistan-l169187/
united arab emirates,l169038,destinations/united-arab-emirates-l169038/,https://www.getyourguide.com/destinations/united-arab-emirates-l169038/
uzbekistan,l169191,destinations/uzbekistan-l169191/,https://www.getyourguide.com/destinations/uzbekistan-l169191/
vietnam,l169193,destinations/vietnam-l169193/,https://www.getyourguide.com/destinations/vietnam-l169193/
yemen,l169234,destinations/yemen-l169234/,https://www.getyourguide.com/destinations/yemen-l169234/
albania,l169053,destinations/albania-l169053/,https://www.getyourguide.com/destinations/albania-l169053/
andorra,l169056,destinations/andorra-l169056/,https://www.getyourguide.com/destinations/andorra-l169056/
austria,l169004,destinations/austria-l169004/,https://www.getyourguide.com/destinations/austria-l169004/
belarus,l169067,destinations/belarus-l169067/,https://www.getyourguide.com/destinations/belarus-l169067/
belgium,l169005,destinations/belgium-l169005/,https://www.getyourguide.com/destinations/belgium-l169005/
bosnia and herzegovina,l169073,destinations/bosnia-and-herzegovina-l169073/,https://www.getyourguide.com/destinations/bosnia-and-herzegovina-l169073/
bulgaria,l169077,destinations/bulgaria-l169077/,https://www.getyourguide.com/destinations/bulgaria-l169077/
croatia,l169088,destinations/croatia-l169088/,https://www.getyourguide.com/destinations/croatia-l169088/
cyprus,l169006,destinations/cyprus-l169006/,https://www.getyourguide.com/destinations/cyprus-l169006/
czech republic,l169019,destinations/czech-republic-l169019/,https://www.getyourguide.com/destinations/czech-republic-l169019/
denmark,l169020,destinations/denmark-l169020/,https://www.getyourguide.com/destinations/denmark-l169020/
england,l159651,destinations/england-l159651/,https://www.getyourguide.com/destinations/england-l159651/
estonia,l169026,destinations/estonia-l169026/,https://www.getyourguide.com/destinations/estonia-l169026/
faroe islands,l169096,destinations/faroe-islands-l169096/,https://www.getyourguide.com/destinations/faroe-islands-l169096/
finland,l169007,destinations/finland-l169007/,https://www.getyourguide.com/destinations/finland-l169007/
france,l169008,destinations/france-l169008/,https://www.getyourguide.com/destinations/france-l169008/
georgia,l169103,destinations/georgia-l169103/,https://www.getyourguide.com/destinations/georgia-l169103/
germany,l169009,destinations/germany-l169009/,https://www.getyourguide.com/destinations/germany-l169009/
gibraltar,l169105,destinations/gibraltar-l169105/,https://www.getyourguide.com/destinations/gibraltar-l169105/
great britain,l176824,destinations/great-britain-l176824/,https://www.getyourguide.com/destinations/great-britain-l176824/
greece,l169010,destinations/greece-l169010/,https://www.getyourguide.com/destinations/greece-l169010/
guernsey,l169111,destinations/guernsey-l169111/,https://www.getyourguide.com/destinations/guernsey-l169111/
hungary,l169024,destinations/hungary-l169024/,https://www.getyourguide.com/destinations/hungary-l169024/
iceland,l169030,destinations/iceland-l169030/,https://www.getyourguide.com/destinations/iceland-l169030/
ireland,l169016,destinations/ireland-l169016/,https://www.getyourguide.com/destinations/ireland-l169016/
isle of man,l169117,destinations/isle-of-man-l169117/,https://www.getyourguide.com/destinations/isle-of-man-l169117/
italy,l169011,destinations/italy-l169011/,https://www.getyourguide.com/destinations/italy-l169011/
jersey,l169119,destinations/jersey-l169119/,https://www.getyourguide.com/destinations/jersey-l169119/
kosovo,l169200,destinations/kosovo-l169200/,https://www.getyourguide.com/destinations/kosovo-l169200/
latvia,l169027,destinations/latvia-l169027/,https://www.getyourguide.com/destinations/latvia-l169027/
liechtenstein,l169130,destinations/liechtenstein-l169130/,https://www.getyourguide.com/destinations/liechtenstein-l169130/
lithuania,l169028,destinations/lithuania-l169028/,https://www.getyourguide.com/destinations/lithuania-l169028/
luxembourg,l169012,destinations/luxembourg-l169012/,https://www.getyourguide.com/destinations/luxembourg-l169012/
malta,l169013,destinations/malta-l169013/,https://www.getyourguide.com/destinations/malta-l169013/
moldova,l169139,destinations/moldova-l169139/,https://www.getyourguide.com/destinations/moldova-l169139/
monaco,l169140,destinations/monaco-l169140/,https://www.getyourguide.com/destinations/monaco-l169140/
montenegro,l169142,destinations/montenegro-l169142/,https://www.getyourguide.com/destinations/montenegro-l169142/
netherlands,l169014,destinations/netherlands-l169014/,https://www.getyourguide.com/destinations/netherlands-l169014/
north macedonia,l169132,destinations/north-macedonia-l169132/,https://www.getyourguide.com/destinations/north-macedonia-l169132/
northern ireland,l32386,destinations/northern-ireland-l32386/,https://www.getyourguide.com/destinations/northern-ireland-l32386/
norway,l169022,destinations/norway-l169022/,https://www.getyourguide.com/destinations/norway-l169022/
poland,l169018,destinations/poland-l169018/,https://www.getyourguide.com/destinations/poland-l169018/
portugal,l169015,destinations/portugal-l169015/,https://www.getyourguide.com/destinations/portugal-l169015/
republic of san marino,l169169,destinations/republic-of-san-marino-l169169/,https://www.getyourguide.com/destinations/republic-of-san-marino-l169169/
romania,l169162,destinations/romania-l169162/,https://www.getyourguide.com/destinations/romania-l169162/
russia,l169029,destinations/russia-l169029/,https://www.getyourguide.com/destinations/russia-l169029/
scotland,l618,destinations/scotland-l618/,https://www.getyourguide.com/destinations/scotland-l618/
serbia,l169172,destinations/serbia-l169172/,https://www.getyourguide.com/destinations/serbia-l169172/
slovakia,l169021,destinations/slovakia-l169021/,https://www.getyourguide.com/destinations/slovakia-l169021/
slovenia,l169002,destinations/slovenia-l169002/,https://www.getyourguide.com/destinations/slovenia-l169002/
spain,l169003,destinations/spain-l169003/,https://www.getyourguide.com/destinations/spain-l169003/
svalbard and jan mayen,l169178,destinations/svalbard-and-jan-mayen-l169178/,https://www.getyourguide.com/destinations/svalbard-and-jan-mayen-l169178/
sweden,l169025,destinations/sweden-l169025/,https://www.getyourguide.com/destinations/sweden-l169025/
switzerland,l169023,destinations/switzerland-l169023/,https://www.getyourguide.com/destinations/switzerland-l169023/
turkey,l169039,destinations/turkey-l169039/,https://www.getyourguide.com/destinations/turkey-l169039/
ukraine,l169031,destinations/ukraine-l169031/,https://www.getyourguide.com/destinations/ukraine-l169031/
united kingdom,l169017,destinations/united-kingdom-l169017/,https://www.getyourguide.com/destinations/united-kingdom-l169017/
wales,l624,destinations/wales-l624/,https://www.getyourguide.com/destinations/wales-l624/
aland islands,l169052,destinations/aland-islands-l169052/,https://www.getyourguide.com/destinations/aland-islands-l169052/
algeria,l169054,destinations/algeria-l169054/,https://www.getyourguide.com/destinations/algeria-l169054/
angola,l169057,destinations/angola-l169057/,https://www.getyourguide.com/destinations/angola-l169057/
benin,l169069,destinations/benin-l169069/,https://www.getyourguide.com/destinations/benin-l169069/
botswana,l169074,destinations/botswana-l169074/,https://www.getyourguide.com/destinations/botswana-l169074/
burkina faso,l169205,destinations/burkina-faso-l169205/,https://www.getyourguide.com/destinations/burkina-faso-l169205/
burundi,l169078,destinations/burundi-l169078/,https://www.getyourguide.com/destinations/burundi-l169078/
cameroon,l169080,destinations/cameroon-l169080/,https://www.getyourguide.com/destinations/cameroon-l169080/
cape verde,l169081,destinations/cape-verde-l169081/,https://www.getyourguide.com/destinations/cape-verde-l169081/
central african republic,l169206,destinations/central-african-republic-l169206/,https://www.getyourguide.com/destinations/central-african-republic-l169206/
chad,l169083,destinations/chad-l169083/,https://www.getyourguide.com/destinations/chad-l169083/
comoros,l169084,destinations/comoros-l169084/,https://www.getyourguide.com/destinations/comoros-l169084/
cote d ivoire,l169087,destinations/cote-d-ivoire-l169087/,https://www.getyourguide.com/destinations/cote-d-ivoire-l169087/
democratic republic of the congo,l169085,destinations/democratic-republic-of-the-congo-l169085/,https://www.getyourguide.com/destinations/democratic-republic-of-the-congo-l169085/
djibouti,l169210,destinations/djibouti-l169210/,https://www.getyourguide.com/destinations/djibouti-l169210/
egypt,l169049,destinations/egypt-l169049/,https://www.getyourguide.com/destinations/egypt-l169049/
equatorial guinea,l169211,destinations/equatorial-guinea-l169211/,https://www.getyourguide.com/destinations/equatorial-guinea-l169211/
eritrea,l169094,destinations/eritrea-l169094/,https://www.getyourguide.com/destinations/eritrea-l169094/
ethiopia,l169095,destinations/ethiopia-l169095/,https://www.getyourguide.com/destinations/ethiopia-l169095/
gabon,l169101,destinations/gabon-l169101/,https://www.getyourguide.com/destinations/gabon-l169101/
gambia,l169102,destinations/gambia-l169102/,https://www.getyourguide.com/destinations/gambia-l169102/
ghana,l169104,destinations/ghana-l169104/,https://www.getyourguide.com/destinations/ghana-l169104/
guinea,l169213,destinations/guinea-l169213/,https://www.getyourguide.com/destinations/guinea-l169213/
guinea bissau,l169214,destinations/guinea-bissau-l169214/,https://www.getyourguide.com/destinations/guinea-bissau-l169214/
kenya,l169122,destinations/kenya-l169122/,https://www.getyourguide.com/destinations/kenya-l169122/
lesotho,l169128,destinations/lesotho-l169128/,https://www.getyourguide.com/destinations/lesotho-l169128/
liberia,l169217,destinations/liberia-l169217/,https://www.getyourguide.com/destinations/liberia-l169217/
libya,l169129,destinations/libya-l169129/,https://www.getyourguide.com/destinations/libya-l169129/
madagascar,l169133,destinations/madagascar-l169133/,https://www.getyourguide.com/destinations/madagascar-l169133/
malawi,l169134,destinations/malawi-l169134/,https://www.getyourguide.com/destinations/malawi-l169134/
mali,l169218,destinations/mali-l169218/,https://www.getyourguide.com/destinations/mali-l169218/
mauritania,l169220,destinations/mauritania-l169220/,https://www.getyourguide.com/destinations/mauritania-l169220/
mauritius,l169137,destinations/mauritius-l169137/,https://www.getyourguide.com/destinations/mauritius-l169137/
mayotte,l169138,destinations/mayotte-l169138/,https://www.getyourguide.com/destinations/mayotte-l169138/
morocco,l169143,destinations/morocco-l169143/,https://www.getyourguide.com/destinations/morocco-l169143/
mozambique,l169144,destinations/mozambique-l169144/,https://www.getyourguide.com/destinations/mozambique-l169144/
namibia,l169146,destinations/namibia-l169146/,https://www.getyourguide.com/destinations/namibia-l169146/
niger,l169150,destinations/niger-l169150/,https://www.getyourguide.com/destinations/niger-l169150/
nigeria,l169151,destinations/nigeria-l169151/,https://www.getyourguide.com/destinations/nigeria-l169151/
republic of the congo,l169209,destinations/republic-of-the-congo-l169209/,https://www.getyourguide.com/destinations/republic-of-the-congo-l169209/
rwanda,l169163,destinations/rwanda-l169163/,https://www.getyourguide.com/destinations/rwanda-l169163/
reunion,l169161,destinations/reunion-l169161/,https://www.getyourguide.com/destinations/reunion-l169161/
saint helena,l169227,destinations/saint-helena-l169227/,https://www.getyourguide.com/destinations/saint-helena-l169227/
senegal,l169171,destinations/senegal-l169171/,https://www.getyourguide.com/destinations/senegal-l169171/
seychelles,l169173,destinations/seychelles-l169173/,https://www.getyourguide.com/destinations/seychelles-l169173/
sierra leone,l169229,destinations/sierra-leone-l169229/,https://www.getyourguide.com/destinations/sierra-leone-l169229/
somalia,l169175,destinations/somalia-l169175/,https://www.getyourguide.com/destinations/somalia-l169175/
south africa,l169050,destinations/south-africa-l169050/,https://www.getyourguide.com/destinations/south-africa-l169050/
south sudan,l169235,destinations/south-sudan-l169235/,https://www.getyourguide.com/destinations/south-sudan-l169235/
sudan,l169176,destinations/sudan-l169176/,https://www.getyourguide.com/destinations/sudan-l169176/
swaziland,l169179,destinations/swaziland-l169179/,https://www.getyourguide.com/destinations/swaziland-l169179/
sao tome and principe,l169170,destinations/sao-tome-and-principe-l169170/,https://www.getyourguide.com/destinations/sao-tome-and-principe-l169170/
tanzania,l169051,destinations/tanzania-l169051/,https://www.getyourguide.com/destinations/tanzania-l169051/
togo,l169183,destinations/togo-l169183/,https://www.getyourguide.com/destinations/togo-l169183/
tunisia,l169186,destinations/tunisia-l169186/,https://www.getyourguide.com/destinations/tunisia-l169186/
uganda,l169189,destinations/uganda-l169189/,https://www.getyourguide.com/destinations/uganda-l169189/
zambia,l169195,destinations/zambia-l169195/,https://www.getyourguide.com/destinations/zambia-l169195/
zimbabwe,l169196,destinations/zimbabwe-l169196/,https://www.getyourguide.com/destinations/zimbabwe-l169196/
bouvet island,l169203,destinations/bouvet-island-l169203/,https://www.getyourguide.com/destinations/bouvet-island-l169203/
french southern and antarctic lands,l169212,destinations/french-southern-and-antarctic-lands-l169212/,https://www.getyourguide.com/destinations/french-southern-and-antarctic-lands-l169212/
heard island and mcdonald islands,l169215,destinations/heard-island-and-mcdonald-islands-l169215/,https://www.getyourguide.com/destinations/heard-island-and-mcdonald-islands-l169215/
south georgia and the south sandwich islands,l169230,destinations/south-georgia-and-the-south-sandwich-islands-l169230/,https://www.getyourguide.com/destinations/south-georgia-and-the-south-sandwich-islands-l169230/
anguilla,l169058,destinations/anguilla-l169058/,https://www.getyourguide.com/destinations/anguilla-l169058/
antigua and barbuda,l169059,destinations/antigua-and-barbuda-l169059/,https://www.getyourguide.com/destinations/antigua-and-barbuda-l169059/
aruba,l169061,destinations/aruba-l169061/,https://www.getyourguide.com/destinations/aruba-l169061/
bahamas,l169063,destinations/bahamas-l169063/,https://www.getyourguide.com/destinations/bahamas-l169063/
barbados,l169066,destinations/barbados-l169066/,https://www.getyourguide.com/destinations/barbados-l169066/
belize,l169068,destinations/belize-l169068/,https://www.getyourguide.com/destinations/belize-l169068/
bermuda,l169070,destinations/bermuda-l169070/,https://www.getyourguide.com/destinations/bermuda-l169070/
bonaire,l169199,destinations/bonaire-l169199/,https://www.getyourguide.com/destinations/bonaire-l169199/
british virgin islands,l169075,destinations/british-virgin-islands-l169075/,https://www.getyourguide.com/destinations/british-virgin-islands-l169075/
canada,l168991,destinations/canada-l168991/,https://www.getyourguide.com/destinations/canada-l168991/
cayman islands,l169082,destinations/cayman-islands-l169082/,https://www.getyourguide.com/destinations/cayman-islands-l169082/
costa rica,l168995,destinations/costa-rica-l168995/,https://www.getyourguide.com/destinations/costa-rica-l168995/
cuba,l169089,destinations/cuba-l169089/,https://www.getyourguide.com/destinations/cuba-l169089/
curacao,l169198,destinations/curacao-l169198/,https://www.getyourguide.com/destinations/curacao-l169198/
dominica,l169090,destinations/dominica-l169090/,https://www.getyourguide.com/destinations/dominica-l169090/
dominican republic,l169091,destinations/dominican-republic-l169091/,https://www.getyourguide.com/destinations/dominican-republic-l169091/
el salvador,l169093,destinations/el-salvador-l169093/,https://www.getyourguide.com/destinations/el-salvador-l169093/
greenland,l169106,destinations/greenland-l169106/,https://www.getyourguide.com/destinations/greenland-l169106/
grenada,l169107,destinations/grenada-l169107/,https://www.getyourguide.com/destinations/grenada-l169107/
guadeloupe,l169108,destinations/guadeloupe-l169108/,https://www.getyourguide.com/destinations/guadeloupe-l169108/
guatemala,l169110,destinations/guatemala-l169110/,https://www.getyourguide.com/destinations/guatemala-l169110/
haiti,l169113,destinations/haiti-l169113/,https://www.getyourguide.com/destinations/haiti-l169113/
honduras,l169114,destinations/honduras-l169114/,https://www.getyourguide.com/destinations/honduras-l169114/
jamaica,l169118,destinations/jamaica-l169118/,https://www.getyourguide.com/destinations/jamaica-l169118/
martinique,l169136,destinations/martinique-l169136/,https://www.getyourguide.com/destinations/martinique-l169136/
mexico,l169001,destinations/mexico-l169001/,https://www.getyourguide.com/destinations/mexico-l169001/
montserrat,l169222,destinations/montserrat-l169222/,https://www.getyourguide.com/destinations/montserrat-l169222/
nicaragua,l169149,destinations/nicaragua-l169149/,https://www.getyourguide.com/destinations/nicaragua-l169149/
panama,l169156,destinations/panama-l169156/,https://www.getyourguide.com/destinations/panama-l169156/
puerto rico,l169159,destinations/puerto-rico-l169159/,https://www.getyourguide.com/destinations/puerto-rico-l169159/
saint barthelemy,l169226,destinations/saint-barthelemy-l169226/,https://www.getyourguide.com/destinations/saint-barthelemy-l169226/
saint kitts and nevis,l169164,destinations/saint-kitts-and-nevis-l169164/,https://www.getyourguide.com/destinations/saint-kitts-and-nevis-l169164/
saint lucia,l169165,destinations/saint-lucia-l169165/,https://www.getyourguide.com/destinations/saint-lucia-l169165/
saint martin,l169166,destinations/saint-martin-l169166/,https://www.getyourguide.com/destinations/saint-martin-l169166/
saint pierre and miquelon,l169228,destinations/saint-pierre-and-miquelon-l169228/,https://www.getyourguide.com/destinations/saint-pierre-and-miquelon-l169228/
saint vincent and the grenadines,l169167,destinations/saint-vincent-and-the-grenadines-l169167/,https://www.getyourguide.com/destinations/saint-vincent-and-the-grenadines-l169167/
sint maarten,l169201,destinations/sint-maarten-l169201/,https://www.getyourguide.com/destinations/sint-maarten-l169201/
trinidad and tobago,l169185,destinations/trinidad-and-tobago-l169185/,https://www.getyourguide.com/destinations/trinidad-and-tobago-l169185/
turks and caicos islands,l169188,destinations/turks-and-caicos-islands-l169188/,https://www.getyourguide.com/destinations/turks-and-caicos-islands-l169188/
us virgin islands,l169190,destinations/us-virgin-islands-l169190/,https://www.getyourguide.com/destinations/us-virgin-islands-l169190/
united states,l168990,destinations/united-states-l168990/,https://www.getyourguide.com/destinations/united-states-l168990/
american samoa,l169055,destinations/american-samoa-l169055/,https://www.getyourguide.com/destinations/american-samoa-l169055/
australia,l168949,destinations/australia-l168949/,https://www.getyourguide.com/destinations/australia-l168949/
cook islands,l169086,destinations/cook-islands-l169086/,https://www.getyourguide.com/destinations/cook-islands-l169086/
fiji,l169098,destinations/fiji-l169098/,https://www.getyourguide.com/destinations/fiji-l169098/
french polynesia,l169100,destinations/french-polynesia-l169100/,https://www.getyourguide.com/destinations/french-polynesia-l169100/
guam,l169109,destinations/guam-l169109/,https://www.getyourguide.com/destinations/guam-l169109/
kiribati,l169216,destinations/kiribati-l169216/,https://www.getyourguide.com/destinations/kiribati-l169216/
marshall islands,l169219,destinations/marshall-islands-l169219/,https://www.getyourguide.com/destinations/marshall-islands-l169219/
micronesia,l169221,destinations/micronesia-l169221/,https://www.getyourguide.com/destinations/micronesia-l169221/
nauru,l169223,destinations/nauru-l169223/,https://www.getyourguide.com/destinations/nauru-l169223/
new caledonia,l169148,destinations/new-caledonia-l169148/,https://www.getyourguide.com/destinations/new-caledonia-l169148/
new zealand,l168989,destinations/new-zealand-l168989/,https://www.getyourguide.com/destinations/new-zealand-l168989/
niue,l169224,destinations/niue-l169224/,https://www.getyourguide.com/destinations/niue-l169224/
norfolk island,l169225,destinations/norfolk-island-l169225/,https://www.getyourguide.com/destinations/norfolk-island-l169225/
northern mariana islands,l169152,destinations/northern-mariana-islands-l169152/,https://www.getyourguide.com/destinations/northern-mariana-islands-l169152/
palau,l169154,destinations/palau-l169154/,https://www.getyourguide.com/destinations/palau-l169154/
papua new guinea,l169157,destinations/papua-new-guinea-l169157/,https://www.getyourguide.com/destinations/papua-new-guinea-l169157/
pitcairn islands,l169158,destinations/pitcairn-islands-l169158/,https://www.getyourguide.com/destinations/pitcairn-islands-l169158/
samoa,l169168,destinations/samoa-l169168/,https://www.getyourguide.com/destinations/samoa-l169168/
solomon islands,l169174,destinations/solomon-islands-l169174/,https://www.getyourguide.com/destinations/solomon-islands-l169174/
tokelau,l169231,destinations/tokelau-l169231/,https://www.getyourguide.com/destinations/tokelau-l169231/
tonga,l169184,destinations/tonga-l169184/,https://www.getyourguide.com/destinations/tonga-l169184/
tuvalu,l169232,destinations/tuvalu-l169232/,https://www.getyourguide.com/destinations/tuvalu-l169232/
united states minor outlying islands,l169233,destinations/united-states-minor-outlying-islands-l169233/,https://www.getyourguide.com/destinations/united-states-minor-outlying-islands-l169233/
vanuatu,l169192,destinations/vanuatu-l169192/,https://www.getyourguide.com/destinations/vanuatu-l169192/
wallis and futuna,l169194,destinations/wallis-and-futuna-l169194/,https://www.getyourguide.com/destinations/wallis-and-futuna-l169194/